{"cameraMode":{"drawMode":0,"name":"Shaded","section":"Shading Mode"},"sceneLighting":true,"audioPlay":false,"sceneViewState":{"showFog":true,"showMaterialUpdate":false,"showSkybox":true,"showFlares":true,"showImageEffects":true,"showParticleSystems":true},"in2DMode":false,"pivot":{"x":3.0583062171936037,"y":80.51122283935547,"z":110.51402282714844},"rotation":{"x":0.16052740812301637,"y":0.7019528746604919,"z":-0.1673208773136139,"w":0.6734218597412109},"size":231.83433532714845,"orthographic":true}