{"cameraMode":{"drawMode":0,"name":"Shaded","section":"Shading Mode"},"sceneLighting":false,"audioPlay":false,"sceneViewState":{"showFog":true,"showMaterialUpdate":false,"showSkybox":true,"showFlares":true,"showImageEffects":true,"showParticleSystems":true},"in2DMode":false,"pivot":{"x":3.2699999809265138,"y":4.389999866485596,"z":-0.03999999910593033},"rotation":{"x":-0.05928187817335129,"y":-0.9403858780860901,"z":0.22356238961219788,"w":-0.2493591010570526},"size":2.3566715717315676,"orthographic":false}