{"cameraMode":{"drawMode":0,"name":"Shaded","section":"Shading Mode"},"sceneLighting":false,"audioPlay":false,"sceneViewState":{"showFog":true,"showMaterialUpdate":false,"showSkybox":true,"showFlares":true,"showImageEffects":true,"showParticleSystems":true},"in2DMode":false,"pivot":{"x":-2.1045236587524416,"y":1.4141689538955689,"z":1.9546592235565186},"rotation":{"x":-0.05928187817335129,"y":-0.9403858780860901,"z":0.22356238961219788,"w":-0.2493591010570526},"size":3.200615167617798,"orthographic":false}