{"cameraMode":{"drawMode":0,"name":"Shaded","section":"Shading Mode"},"sceneLighting":false,"audioPlay":false,"sceneViewState":{"showFog":true,"showMaterialUpdate":false,"showSkybox":true,"showFlares":true,"showImageEffects":true,"showParticleSystems":true},"in2DMode":false,"pivot":{"x":1.597883701324463,"y":0.7472736835479736,"z":0.2835683226585388},"rotation":{"x":0.2430320382118225,"y":0.5247675180435181,"z":-0.15940065681934358,"w":0.8000912070274353},"size":6.566917896270752,"orthographic":false}