{"cameraMode":{"drawMode":0,"name":"Shaded","section":"Shading Mode"},"sceneLighting":false,"audioPlay":false,"sceneViewState":{"showFog":true,"showMaterialUpdate":false,"showSkybox":true,"showFlares":true,"showImageEffects":true,"showParticleSystems":true},"in2DMode":false,"pivot":{"x":0.9766356348991394,"y":2.730402708053589,"z":0.29535335302352908},"rotation":{"x":0.3404240310192108,"y":0.01269279420375824,"z":-0.004595563281327486,"w":0.9401751756668091},"size":5.178372383117676,"orthographic":false}