{"cameraMode":{"drawMode":0,"name":"Shaded","section":"Shading Mode"},"sceneLighting":false,"audioPlay":false,"sceneViewState":{"showFog":true,"showMaterialUpdate":false,"showSkybox":true,"showFlares":true,"showImageEffects":true,"showParticleSystems":true},"in2DMode":false,"pivot":{"x":0.4894859492778778,"y":1.0002472400665284,"z":0.5612403750419617},"rotation":{"x":0.030786285176873208,"y":0.5505737662315369,"z":-0.020324356853961946,"w":0.8339710831642151},"size":2.3566715717315676,"orthographic":true}