{"cameraMode":{"drawMode":0,"name":"Shaded","section":"Shading Mode"},"sceneLighting":true,"audioPlay":false,"sceneViewState":{"showFog":true,"showMaterialUpdate":false,"showSkybox":true,"showFlares":true,"showImageEffects":true,"showParticleSystems":true},"in2DMode":false,"pivot":{"x":257.54644775390627,"y":179.81817626953126,"z":-165.1136474609375},"rotation":{"x":0.22164016962051392,"y":-0.0037652505561709406,"z":0.0008642004104331136,"w":0.9751209020614624},"size":505.165283203125,"orthographic":true}