{"cameraMode":{"drawMode":0,"name":"Shaded","section":"Shading Mode"},"sceneLighting":true,"audioPlay":false,"sceneViewState":{"showFog":false,"showMaterialUpdate":false,"showSkybox":true,"showFlares":false,"showImageEffects":false,"showParticleSystems":false},"in2DMode":false,"pivot":{"x":35.093109130859378,"y":13.03125,"z":32.328125},"rotation":{"x":-0.3135159909725189,"y":0.004158961586654186,"z":-0.0013802540488541127,"w":-0.9495728015899658},"size":138.62008666992188,"orthographic":true}