{"cameraMode":{"drawMode":0,"name":"Shaded","section":"Shading Mode"},"sceneLighting":true,"audioPlay":false,"sceneViewState":{"showFog":true,"showMaterialUpdate":false,"showSkybox":true,"showFlares":true,"showImageEffects":true,"showParticleSystems":true},"in2DMode":false,"pivot":{"x":532.7684326171875,"y":329.8108215332031,"z":65.95172882080078},"rotation":{"x":-0.2776312530040741,"y":0.44394782185554507,"z":-0.14688250422477723,"w":-0.8392001986503601},"size":351.1592102050781,"orthographic":true}